title,author,url,weekday,crawl_date
왕과의 야행,보리,https://m.comic.naver.com/webtoon/list?titleId=817859&week=mon,월요일,2025-05-12
소녀의 세계,모랑지,https://m.comic.naver.com/webtoon/list?titleId=654774&week=mon,월요일,2025-05-12
참교육,채용택 / 한가람,https://m.comic.naver.com/webtoon/list?titleId=758037&week=mon,월요일,2025-05-12
버림받은 왕녀의 은밀한 침실,혜니 / 성혜림,https://m.comic.naver.com/webtoon/list?titleId=796867&week=mon,월요일,2025-05-12
우아한 욕망,김종건,https://m.comic.naver.com/webtoon/list?titleId=813552&week=mon,월요일,2025-05-12
환생천마,JP / 부겸 / 장영훈,https://m.comic.naver.com/webtoon/list?titleId=822657&week=mon,월요일,2025-05-12
백수세끼,치즈,https://m.comic.naver.com/webtoon/list?titleId=733074&week=mon,월요일,2025-05-12
똑 닮은 딸,이담,https://m.comic.naver.com/webtoon/list?titleId=774866&week=mon,월요일,2025-05-12
윈드브레이커,조용석,https://m.comic.naver.com/webtoon/list?titleId=602910&week=mon,월요일,2025-05-12
절대검감,김두루미 / 티아이 / 한중월야,https://m.comic.naver.com/webtoon/list?titleId=796075&week=mon,월요일,2025-05-12
노곤하개 쇼츠,홍끼,https://m.comic.naver.com/webtoon/list?titleId=834886&week=mon,월요일,2025-05-12
잘 헤어지는 방법,강문송 / 1172,https://m.comic.naver.com/webtoon/list?titleId=826348&week=mon,월요일,2025-05-12
시한부 천재가 살아남는 법,JP / 윤승기 / 청시소,https://m.comic.naver.com/webtoon/list?titleId=832703&week=mon,월요일,2025-05-12
귀촌리,황양 / 이대한,https://m.comic.naver.com/webtoon/list?titleId=822573&week=mon,월요일,2025-05-12
무벌전,노백,https://m.comic.naver.com/webtoon/list?titleId=827322&week=mon,월요일,2025-05-12
회귀한 공작가의 막내도련님은 암살자,스윙뱃 / 커피라임,https://m.comic.naver.com/webtoon/list?titleId=821195&week=mon,월요일,2025-05-12
신화급 귀속 아이템을 손에 넣었다,판테라 / 헤스 / 정선율,https://m.comic.naver.com/webtoon/list?titleId=795297&week=mon,월요일,2025-05-12
어린이집 다니는 구나,구나,https://m.comic.naver.com/webtoon/list?titleId=817945&week=mon,월요일,2025-05-12
연애리뷰,평강 / 라희,https://m.comic.naver.com/webtoon/list?titleId=835082&week=mon,월요일,2025-05-12
토마토가 돼라!,뮤리,https://m.comic.naver.com/webtoon/list?titleId=805702&week=mon,월요일,2025-05-12
피폐물을 힐링물로 만드는 방법,류호 / 양담 / 황도톨,https://m.comic.naver.com/webtoon/list?titleId=826381&week=mon,월요일,2025-05-12
별난식당,HO9,https://m.comic.naver.com/webtoon/list?titleId=806189&week=mon,월요일,2025-05-12
천재 타자가 강속구를 숨김,"황지성 / 김성은, 스튜디오MW / 이블라인",https://m.comic.naver.com/webtoon/list?titleId=807775&week=mon,월요일,2025-05-12
비서실세,정미 / 로즈빈,https://m.comic.naver.com/webtoon/list?titleId=835553&week=mon,월요일,2025-05-12
파브르 in 사천당가,지대공마법소년 / 크라켄 / 에르훗,https://m.comic.naver.com/webtoon/list?titleId=833702&week=mon,월요일,2025-05-12
황후의 짐승간택,LICO / 꿀밤비,https://m.comic.naver.com/webtoon/list?titleId=828127&week=mon,월요일,2025-05-12
"정신 차려, 전승연",제민,https://m.comic.naver.com/webtoon/list?titleId=832243&week=mon,월요일,2025-05-12
최악의 세대,"광산, MAJOR",https://m.comic.naver.com/webtoon/list?titleId=834261&week=mon,월요일,2025-05-12
영업 천재가 되었다,"혜림,댄킴 / 혜림 / 댄킴",https://m.comic.naver.com/webtoon/list?titleId=818780&week=mon,월요일,2025-05-12
K학원 생존기,양아최,https://m.comic.naver.com/webtoon/list?titleId=823190&week=mon,월요일,2025-05-12
아포칼립스에 집을 숨김,DD / 송지형 / 로드워리어,https://m.comic.naver.com/webtoon/list?titleId=825332&week=mon,월요일,2025-05-12
잔불의 기사,환댕,https://m.comic.naver.com/webtoon/list?titleId=768536&week=mon,월요일,2025-05-12
통제구역관리부,탄광,https://m.comic.naver.com/webtoon/list?titleId=836833&week=mon,월요일,2025-05-12
개같이 탈출,갬쟈,https://m.comic.naver.com/webtoon/list?titleId=814594&week=mon,월요일,2025-05-12
막장 악녀,LICO / 사야,https://m.comic.naver.com/webtoon/list?titleId=823022&week=mon,월요일,2025-05-12
악당 가족이 독립을 반대한다,밋츄 / 하티 / 이흰,https://m.comic.naver.com/webtoon/list?titleId=817365&week=mon,월요일,2025-05-12
시간을 돌아온 황후의 납치 결혼,그리온 / 신은예,https://m.comic.naver.com/webtoon/list?titleId=834548&week=mon,월요일,2025-05-12
제국 최고의 악녀를 사랑하게 되었습니다,"아지 / 아츠시, Perlacot",https://m.comic.naver.com/webtoon/list?titleId=833908&week=mon,월요일,2025-05-12
시리도록 불꽃처럼,김인호 / 유진성,https://m.comic.naver.com/webtoon/list?titleId=834686&week=mon,월요일,2025-05-12
폐황후 마리아,하브린 / 과자 / 강희자매,https://m.comic.naver.com/webtoon/list?titleId=836785&week=mon,월요일,2025-05-12
이직로그,우시목 / 이하안,https://m.comic.naver.com/webtoon/list?titleId=837659&week=mon,월요일,2025-05-12
연애보다 결혼,카이루니사 / VBi / 체리고,https://m.comic.naver.com/webtoon/list?titleId=834181&week=mon,월요일,2025-05-12
구야는 신입,구야,https://m.comic.naver.com/webtoon/list?titleId=828167&week=mon,월요일,2025-05-12
제왕,"김남규 / 애풍,아쿠아콘",https://m.comic.naver.com/webtoon/list?titleId=783535&week=mon,월요일,2025-05-12
청소하러 왔어요,뻥,https://m.comic.naver.com/webtoon/list?titleId=838065&week=mon,월요일,2025-05-12
우주천마 3077,산하 / 김대영 / 녹색여우,https://m.comic.naver.com/webtoon/list?titleId=829195&week=mon,월요일,2025-05-12
소소한 기행,넛찌,https://m.comic.naver.com/webtoon/list?titleId=835194&week=mon,월요일,2025-05-12
삽가능,"이노우 / 스튜디오호호이, 김세훈",https://m.comic.naver.com/webtoon/list?titleId=838708&week=mon,월요일,2025-05-12
폭력의 왕,LICO / 한경찬,https://m.comic.naver.com/webtoon/list?titleId=824890&week=mon,월요일,2025-05-12
마왕을 그만둔 이유,김대일 / 이상혁,https://m.comic.naver.com/webtoon/list?titleId=820897&week=mon,월요일,2025-05-12
불완전한 이혼의 결말,진원 / 가은 / 라솔레,https://m.comic.naver.com/webtoon/list?titleId=838556&week=mon,월요일,2025-05-12
회귀했는데 세상이 안 망함,손병준 / 넴가 / 선우,https://m.comic.naver.com/webtoon/list?titleId=836812&week=mon,월요일,2025-05-12
황태자의 소꿉친구로 살아남기,LICO / 한빈 / 비첼,https://m.comic.naver.com/webtoon/list?titleId=834372&week=mon,월요일,2025-05-12
타이탄,네온비 / 장구,https://m.comic.naver.com/webtoon/list?titleId=829714&week=mon,월요일,2025-05-12
벤타블랙,신신성,https://m.comic.naver.com/webtoon/list?titleId=834006&week=mon,월요일,2025-05-12
리턴 투 플레이어,레포 / 세혼 / 인덱스,https://m.comic.naver.com/webtoon/list?titleId=752414&week=mon,월요일,2025-05-12
지유지요,용현동,https://m.comic.naver.com/webtoon/list?titleId=838532&week=mon,월요일,2025-05-12
히어로메이커,빤쓰,https://m.comic.naver.com/webtoon/list?titleId=21815&week=mon,월요일,2025-05-12
더블클릭,"김장훈,박수봉 / 박수봉",https://m.comic.naver.com/webtoon/list?titleId=769663&week=mon,월요일,2025-05-12
모솔대첩,진자 / 정생,https://m.comic.naver.com/webtoon/list?titleId=833596&week=mon,월요일,2025-05-12
위험하지 않아요 NPC씨,미라주,https://m.comic.naver.com/webtoon/list?titleId=828365&week=mon,월요일,2025-05-12
미친 재능의 플레이어,S-Nanyc / 호라칸 / 체나,https://m.comic.naver.com/webtoon/list?titleId=814781&week=mon,월요일,2025-05-12
프로젝트 마르스,영주,https://m.comic.naver.com/webtoon/list?titleId=837999&week=mon,월요일,2025-05-12
다육이는 잘 자란다,도국,https://m.comic.naver.com/webtoon/list?titleId=820800&week=mon,월요일,2025-05-12
닥터아미,김민소,https://m.comic.naver.com/webtoon/list?titleId=837522&week=mon,월요일,2025-05-12
녹빛자정의 연인,백작,https://m.comic.naver.com/webtoon/list?titleId=822193&week=mon,월요일,2025-05-12
서브 남주가 파업하면 생기는 일,해민 / 창대 / 숙임,https://m.comic.naver.com/webtoon/list?titleId=803518&week=mon,월요일,2025-05-12
ZD,조석,https://m.comic.naver.com/webtoon/list?titleId=835698&week=mon,월요일,2025-05-12
솔로스쿨,랑쓰 / 승9,https://m.comic.naver.com/webtoon/list?titleId=824208&week=mon,월요일,2025-05-12
악당과 악당이 만나면,삵 / 쏘가리 / 임하얌,https://m.comic.naver.com/webtoon/list?titleId=804782&week=mon,월요일,2025-05-12
트럭기사 태그배 경,마자,https://m.comic.naver.com/webtoon/list?titleId=834511&week=mon,월요일,2025-05-12
제국 제일의 상속녀가 되었습니다,한강 / 요정용,https://m.comic.naver.com/webtoon/list?titleId=814566&week=mon,월요일,2025-05-12
수영만화일기,해오,https://m.comic.naver.com/webtoon/list?titleId=768534&week=mon,월요일,2025-05-12
라서드,감람,https://m.comic.naver.com/webtoon/list?titleId=756140&week=mon,월요일,2025-05-12
호러맨스,-2℃,https://m.comic.naver.com/webtoon/list?titleId=837688&week=mon,월요일,2025-05-12
보스리턴,양세준,https://m.comic.naver.com/webtoon/list?titleId=818668&week=mon,월요일,2025-05-12
해피 페이스,이저녁,https://m.comic.naver.com/webtoon/list?titleId=838569&week=mon,월요일,2025-05-12
영앤리치가 아니야!,최삡뺩,https://m.comic.naver.com/webtoon/list?titleId=734574&week=mon,월요일,2025-05-12
러브 로스팅,이순기 / 이예린,https://m.comic.naver.com/webtoon/list?titleId=828103&week=mon,월요일,2025-05-12
공녀님의 꽃밭에는 그들이 산다,개굴 / 영락 / 고겨울,https://m.comic.naver.com/webtoon/list?titleId=818528&week=mon,월요일,2025-05-12
악녀교실,즛호,https://m.comic.naver.com/webtoon/list?titleId=814116&week=mon,월요일,2025-05-12
기생몽,닺,https://m.comic.naver.com/webtoon/list?titleId=827160&week=mon,월요일,2025-05-12
컨트롤X,사이렌 / 서클,https://m.comic.naver.com/webtoon/list?titleId=812403&week=mon,월요일,2025-05-12
날 먹는 건 금지양!,조9,https://m.comic.naver.com/webtoon/list?titleId=817019&week=mon,월요일,2025-05-12
원하나,비진,https://m.comic.naver.com/webtoon/list?titleId=804469&week=mon,월요일,2025-05-12
두 번째 삶은 힐링라이프?,당토,https://m.comic.naver.com/webtoon/list?titleId=819202&week=mon,월요일,2025-05-12
피폐물의 해피엔딩을 위하여,호,https://m.comic.naver.com/webtoon/list?titleId=805437&week=mon,월요일,2025-05-12
나의 보이소프렌드,망공이,https://m.comic.naver.com/webtoon/list?titleId=819698&week=mon,월요일,2025-05-12
아직 제목 없음,주영현,https://m.comic.naver.com/webtoon/list?titleId=831547&week=mon,월요일,2025-05-12
내가 왜 킬러?!,규잉,https://m.comic.naver.com/webtoon/list?titleId=819983&week=mon,월요일,2025-05-12
찔레꽃 그늘 아래,해람 / 홍이,https://m.comic.naver.com/webtoon/list?titleId=821763&week=mon,월요일,2025-05-12
연애복붙,석한,https://m.comic.naver.com/webtoon/list?titleId=833414&week=mon,월요일,2025-05-12
Dog한 로맨스,보현 / 문써니,https://m.comic.naver.com/webtoon/list?titleId=837308&week=mon,월요일,2025-05-12
두번째 신의아이,나는야사과될거야 / 쿠키빵,https://m.comic.naver.com/webtoon/list?titleId=827318&week=mon,월요일,2025-05-12
티엔다비스 - 완벽한 구원을 위하여,삼공 / 느링 / 김영지,https://m.comic.naver.com/webtoon/list?titleId=817757&week=mon,월요일,2025-05-12
게임마스터,둥치 / Akaogi Seki,https://m.comic.naver.com/webtoon/list?titleId=832104&week=mon,월요일,2025-05-12
숭늉버블티,솔리,https://m.comic.naver.com/webtoon/list?titleId=832674&week=mon,월요일,2025-05-12
어쌔신 크리드 - 잊혀진 사원,"YEON, ARC, Ubisoft / Tabii",https://m.comic.naver.com/webtoon/list?titleId=808760&week=mon,월요일,2025-05-12
여우별잡이,"열림, 녹원 / 은일초",https://m.comic.naver.com/webtoon/list?titleId=834733&week=mon,월요일,2025-05-12
Lv.99 흑염의 프린세스,징개 / 먼주 / 린지,https://m.comic.naver.com/webtoon/list?titleId=838075&week=mon,월요일,2025-05-12
사이다걸,김드루 / 김그루,https://m.comic.naver.com/webtoon/list?titleId=800333&week=mon,월요일,2025-05-12
김부장,"박만사, 남자의 이야기 / 정종택",https://m.comic.naver.com/webtoon/list?titleId=783053&week=tue,화요일,2025-05-12
이섭의 연애,248 / 김언희,https://m.comic.naver.com/webtoon/list?titleId=813454&week=tue,화요일,2025-05-12
괴력 난신,매드버드 / 김태형 / 한중월야,https://m.comic.naver.com/webtoon/list?titleId=821597&week=tue,화요일,2025-05-12
낢이 사는 이야기 - 계속되는 미미한 인생,서나래,https://m.comic.naver.com/webtoon/list?titleId=833255&week=tue,화요일,2025-05-12
절대회귀,JP / 박진환 / 장영훈,https://m.comic.naver.com/webtoon/list?titleId=828715&week=tue,화요일,2025-05-12
못 잡아먹어서 안달,팀 보도뵈 / 퀀퀀 / 플아다,https://m.comic.naver.com/webtoon/list?titleId=817247&week=tue,화요일,2025-05-12
우렉 마지노,SIU,https://m.comic.naver.com/webtoon/list?titleId=838432&week=tue,화요일,2025-05-12
중증외상센터 : 외과의사 백강혁,홍비치라 / 한산이가,https://m.comic.naver.com/webtoon/list?titleId=835736&week=tue,화요일,2025-05-12
시한부인 줄 알았어요!,혜용 / 에시 / 최아리,https://m.comic.naver.com/webtoon/list?titleId=801711&week=tue,화요일,2025-05-12
신입사원 김철수,스튜디오MW / 오정,https://m.comic.naver.com/webtoon/list?titleId=812594&week=tue,화요일,2025-05-12
유사연애,여은,https://m.comic.naver.com/webtoon/list?titleId=804653&week=tue,화요일,2025-05-12
서울 자가에 대기업 다니는 김 부장 이야기,명랑 / 김병관 / 송희구,https://m.comic.naver.com/webtoon/list?titleId=819929&week=tue,화요일,2025-05-12
내 남편의 정부에게,에리카 / 댄싱브레인 / 라치크,https://m.comic.naver.com/webtoon/list?titleId=817366&week=tue,화요일,2025-05-12
사신소년,류,https://m.comic.naver.com/webtoon/list?titleId=730656&week=tue,화요일,2025-05-12
청춘 러브썸,홍덕 / NEMONE,https://m.comic.naver.com/webtoon/list?titleId=828920&week=tue,화요일,2025-05-12
멸망 이후의 세계,언데드딸기 / 언데드감자 / 싱숑,https://m.comic.naver.com/webtoon/list?titleId=789979&week=tue,화요일,2025-05-12
한림체육관,혜성 / 이석재,https://m.comic.naver.com/webtoon/list?titleId=743139&week=tue,화요일,2025-05-12
백작가의 비밀스런 시녀님,MIDNIGHT STUDIO / 백주아,https://m.comic.naver.com/webtoon/list?titleId=830106&week=tue,화요일,2025-05-12
천마는 평범하게 살 수 없다,철범 / 모구 / 산천,https://m.comic.naver.com/webtoon/list?titleId=774358&week=tue,화요일,2025-05-12
마음의소리2,조석,https://m.comic.naver.com/webtoon/list?titleId=814543&week=tue,화요일,2025-05-12
엄마를 만나러 가는 길,고먕,https://m.comic.naver.com/webtoon/list?titleId=834369&week=tue,화요일,2025-05-12
귀혼,야옹이,https://m.comic.naver.com/webtoon/list?titleId=833705&week=tue,화요일,2025-05-12
전리품 공작부인,새들 / 초밤비 / 레몬개구리,https://m.comic.naver.com/webtoon/list?titleId=833243&week=tue,화요일,2025-05-12
윈터브리즈,한경찰,https://m.comic.naver.com/webtoon/list?titleId=835751&week=tue,화요일,2025-05-12
44교시 생존수업,상C,https://m.comic.naver.com/webtoon/list?titleId=836848&week=tue,화요일,2025-05-12
하북팽가 막내아들,스튜디오 시그마 / 기원 / 무향,https://m.comic.naver.com/webtoon/list?titleId=783877&week=tue,화요일,2025-05-12
맹수 사용 설명서,마로제이 / 성하,https://m.comic.naver.com/webtoon/list?titleId=819768&week=tue,화요일,2025-05-12
야만의 청혼,team IRUKA / 이윤아,https://m.comic.naver.com/webtoon/list?titleId=833873&week=tue,화요일,2025-05-12
백씨세가 시한부 공자,맥아 / 드래권 / 비도,https://m.comic.naver.com/webtoon/list?titleId=814535&week=tue,화요일,2025-05-12
회귀한 용병은 다 계획이 있다,골드행 / 박진석,https://m.comic.naver.com/webtoon/list?titleId=832557&week=tue,화요일,2025-05-12
욕망일기Deep,"박만사, 김꿀빨 / 누리마루",https://m.comic.naver.com/webtoon/list?titleId=818448&week=tue,화요일,2025-05-12
용사가 돌아왔다,나락 / 풍백,https://m.comic.naver.com/webtoon/list?titleId=773459&week=tue,화요일,2025-05-12
염라강림,바른꽃,https://m.comic.naver.com/webtoon/list?titleId=818192&week=tue,화요일,2025-05-12
처음도 아닌데,미쪼 / 동탕 / 별규,https://m.comic.naver.com/webtoon/list?titleId=837485&week=tue,화요일,2025-05-12
욕망을 가르쳐주세요,근당 / 날파카 / 단리한,https://m.comic.naver.com/webtoon/list?titleId=829238&week=tue,화요일,2025-05-12
마교 교주의 부군이 되었다,성대호 / 쥬레이,https://m.comic.naver.com/webtoon/list?titleId=837998&week=tue,화요일,2025-05-12
사표내고 이계에서 힐링합니다,덤보 / 파란 / 딥블랙,https://m.comic.naver.com/webtoon/list?titleId=800726&week=tue,화요일,2025-05-12
개집사,고추참치,https://m.comic.naver.com/webtoon/list?titleId=828292&week=tue,화요일,2025-05-12
아름다운 줄리엣을 위하여,나사못 / 삼밀삼 / 도주차량,https://m.comic.naver.com/webtoon/list?titleId=829139&week=tue,화요일,2025-05-12
약 파는 황태자,하강호 / 다댕 / 문백경,https://m.comic.naver.com/webtoon/list?titleId=818969&week=tue,화요일,2025-05-12
긁지 않은 복권,보로리,https://m.comic.naver.com/webtoon/list?titleId=828908&week=tue,화요일,2025-05-12
윌유메리미,마인드C,https://m.comic.naver.com/webtoon/list?titleId=616239&week=tue,화요일,2025-05-12
사람의 탈,우주돌,https://m.comic.naver.com/webtoon/list?titleId=822198&week=tue,화요일,2025-05-12
연우의 순정,이솔,https://m.comic.naver.com/webtoon/list?titleId=752532&week=tue,화요일,2025-05-12
구룡:사로카,"백인휘, 박만사 / 백인휘",https://m.comic.naver.com/webtoon/list?titleId=833416&week=tue,화요일,2025-05-12
원주민 공포만화,원주민,https://m.comic.naver.com/webtoon/list?titleId=698918&week=tue,화요일,2025-05-12
신과함께 돌아온 기사왕님,지대공마법소년 / 전천후마검사 / 사람살려.,https://m.comic.naver.com/webtoon/list?titleId=809618&week=tue,화요일,2025-05-12
저 그런 인재 아닙니다,에몽 / 희진 / 덴피,https://m.comic.naver.com/webtoon/list?titleId=802840&week=tue,화요일,2025-05-12
천만청춘,유월,https://m.comic.naver.com/webtoon/list?titleId=828402&week=tue,화요일,2025-05-12
체탐자,"박만사, 병장 / 겸자",https://m.comic.naver.com/webtoon/list?titleId=814834&week=tue,화요일,2025-05-12
아포칼립스에 물류센터를 숨김,왕재덕 / 성구 / 구채,https://m.comic.naver.com/webtoon/list?titleId=829743&week=tue,화요일,2025-05-12
사변괴담,강태진,https://m.comic.naver.com/webtoon/list?titleId=804783&week=tue,화요일,2025-05-12
불 빌려드릴까요?,호진,https://m.comic.naver.com/webtoon/list?titleId=822931&week=tue,화요일,2025-05-12
은주의 방 2~3부,노란구미,https://m.comic.naver.com/webtoon/list?titleId=654138&week=tue,화요일,2025-05-12
집착남주의 전부인이 되었습니다,하담 / 꿀생강 / 퍼젤,https://m.comic.naver.com/webtoon/list?titleId=813922&week=tue,화요일,2025-05-12
그냥 선생님,연일,https://m.comic.naver.com/webtoon/list?titleId=804333&week=tue,화요일,2025-05-12
재난은 늘 곁에 있다,이혜,https://m.comic.naver.com/webtoon/list?titleId=827333&week=tue,화요일,2025-05-12
가공낙원,삼촌,https://m.comic.naver.com/webtoon/list?titleId=830053&week=tue,화요일,2025-05-12
2025 졸업작품.zip,네이버웹툰 작가,https://m.comic.naver.com/webtoon/list?titleId=836239&week=tue,화요일,2025-05-12
선 넘는 결혼생활,맹 / 무인 / 강하다,https://m.comic.naver.com/webtoon/list?titleId=834750&week=tue,화요일,2025-05-12
빌런투킬,퓨핀 / 은지,https://m.comic.naver.com/webtoon/list?titleId=765156&week=tue,화요일,2025-05-12
킬링필드,012,https://m.comic.naver.com/webtoon/list?titleId=836361&week=tue,화요일,2025-05-12
완벽한 실눈 악역을 연기하다,건실청년 / 80 / 봄가을,https://m.comic.naver.com/webtoon/list?titleId=837632&week=tue,화요일,2025-05-12
귀공자,한동우 / 이도희,https://m.comic.naver.com/webtoon/list?titleId=831168&week=tue,화요일,2025-05-12
나만 보는 탑 공략집,사도 / X-NAME / 쾌조,https://m.comic.naver.com/webtoon/list?titleId=823434&week=tue,화요일,2025-05-12
사리네 보석함,쪼,https://m.comic.naver.com/webtoon/list?titleId=822833&week=tue,화요일,2025-05-12
죽어 천국에 가다,수사반장,https://m.comic.naver.com/webtoon/list?titleId=826887&week=tue,화요일,2025-05-12
흑역사 어게인,안수민,https://m.comic.naver.com/webtoon/list?titleId=814817&week=tue,화요일,2025-05-12
아랫집 윗집 사이에,구슬창,https://m.comic.naver.com/webtoon/list?titleId=834734&week=tue,화요일,2025-05-12
내남친 킹카만들기,랑쓰 / 섯끼,https://m.comic.naver.com/webtoon/list?titleId=791126&week=tue,화요일,2025-05-12
티키타카,하하영 / 애크쵸,https://m.comic.naver.com/webtoon/list?titleId=833244&week=tue,화요일,2025-05-12
여우자매,갈치,https://m.comic.naver.com/webtoon/list?titleId=797413&week=tue,화요일,2025-05-12
인생내꺼,미티 / 구구,https://m.comic.naver.com/webtoon/list?titleId=835582&week=tue,화요일,2025-05-12
배드 엔딩 메이커,오일구 / 심재영 / 류은가람,https://m.comic.naver.com/webtoon/list?titleId=812017&week=tue,화요일,2025-05-12
동경과 거짓말,오한,https://m.comic.naver.com/webtoon/list?titleId=809006&week=tue,화요일,2025-05-12
연애 못하면 사망,홍치,https://m.comic.naver.com/webtoon/list?titleId=834175&week=tue,화요일,2025-05-12
에이머,구동인,https://m.comic.naver.com/webtoon/list?titleId=400739&week=tue,화요일,2025-05-12
착한 여자 안선해,선우,https://m.comic.naver.com/webtoon/list?titleId=812576&week=tue,화요일,2025-05-12
서울역 바바리안,LICO / 진설우,https://m.comic.naver.com/webtoon/list?titleId=832669&week=tue,화요일,2025-05-12
제로게임,즐바센,https://m.comic.naver.com/webtoon/list?titleId=676695&week=tue,화요일,2025-05-12
원시인 김동우,정이리이리 / 이승찬,https://m.comic.naver.com/webtoon/list?titleId=835242&week=tue,화요일,2025-05-12
붉은 이정표,달뜬,https://m.comic.naver.com/webtoon/list?titleId=790776&week=tue,화요일,2025-05-12
"천재, 만재, 백재!",심모람,https://m.comic.naver.com/webtoon/list?titleId=835244&week=tue,화요일,2025-05-12
아카데미가 망했다,BIN / GG / ROHRAN,https://m.comic.naver.com/webtoon/list?titleId=828077&week=tue,화요일,2025-05-12
헬스x로맨스,인미,https://m.comic.naver.com/webtoon/list?titleId=822876&week=tue,화요일,2025-05-12
던전공략은 복붙이지,REDSTONE!! / BKORI,https://m.comic.naver.com/webtoon/list?titleId=829721&week=tue,화요일,2025-05-12
사장님과 공주님,요엔,https://m.comic.naver.com/webtoon/list?titleId=826834&week=tue,화요일,2025-05-12
왕관을 찾아줘,MUTE,https://m.comic.naver.com/webtoon/list?titleId=828716&week=tue,화요일,2025-05-12
문어숙희숙회,수현 / 김도비,https://m.comic.naver.com/webtoon/list?titleId=826609&week=tue,화요일,2025-05-12
천재 곰먐미 김순자,응쿵댄,https://m.comic.naver.com/webtoon/list?titleId=833678&week=tue,화요일,2025-05-12
원포인트,잇,https://m.comic.naver.com/webtoon/list?titleId=807314&week=tue,화요일,2025-05-12
시한부 황후의 나쁜 짓,굄 / 이준 / 정무늬,https://m.comic.naver.com/webtoon/list?titleId=819054&week=tue,화요일,2025-05-12
돌격! 용마치킨,팀 오누이,https://m.comic.naver.com/webtoon/list?titleId=805974&week=tue,화요일,2025-05-12
킬링 스프리,SN / 배현희,https://m.comic.naver.com/webtoon/list?titleId=826437&week=tue,화요일,2025-05-12
롤플레잉,박소,https://m.comic.naver.com/webtoon/list?titleId=826419&week=tue,화요일,2025-05-12
대리게임,철준,https://m.comic.naver.com/webtoon/list?titleId=809263&week=tue,화요일,2025-05-12
자기 자?,혜룡 / 영영,https://m.comic.naver.com/webtoon/list?titleId=835030&week=wed,수요일,2025-05-12
"울어 봐, 빌어도 좋고",반지 / 솔체,https://m.comic.naver.com/webtoon/list?titleId=814826&week=wed,수요일,2025-05-12
전지적 독자 시점,UMI / 슬리피-C / 싱숑,https://m.comic.naver.com/webtoon/list?titleId=747269&week=wed,수요일,2025-05-12
썰:관계주의,이삼 / 장버들,https://m.comic.naver.com/webtoon/list?titleId=834033&week=wed,수요일,2025-05-12
쌉초의 난,쌉초,https://m.comic.naver.com/webtoon/list?titleId=823195&week=wed,수요일,2025-05-12
이기적 연애론,교교박,https://m.comic.naver.com/webtoon/list?titleId=824888&week=wed,수요일,2025-05-12
종말이 찾아왔다,전선욱,https://m.comic.naver.com/webtoon/list?titleId=838002&week=wed,수요일,2025-05-12
사천당가의 검신급 소가주가 되었다,PSG / 김종섭 / 화계,https://m.comic.naver.com/webtoon/list?titleId=822862&week=wed,수요일,2025-05-12
백XX,"박만사, 병장 / 펀치킥",https://m.comic.naver.com/webtoon/list?titleId=804862&week=wed,수요일,2025-05-12
미연,서녜,https://m.comic.naver.com/webtoon/list?titleId=837864&week=wed,수요일,2025-05-12
일렉시드,손제호 / 제나,https://m.comic.naver.com/webtoon/list?titleId=717481&week=wed,수요일,2025-05-12
운명을 보는 회사원,영완(映完) / 임성욱,https://m.comic.naver.com/webtoon/list?titleId=797443&week=wed,수요일,2025-05-12
중간에서 만나,조흰 / 윤김,https://m.comic.naver.com/webtoon/list?titleId=808455&week=wed,수요일,2025-05-12
별을 품은 소드마스터,홍대의 / 주노 / Q10,https://m.comic.naver.com/webtoon/list?titleId=816809&week=wed,수요일,2025-05-12
강제소집,남자의 이야기 / GArt,https://m.comic.naver.com/webtoon/list?titleId=838351&week=wed,수요일,2025-05-12
베이비 폭군,정난 / 아원 / 이흰,https://m.comic.naver.com/webtoon/list?titleId=807019&week=wed,수요일,2025-05-12
엔드리스 서머,솔방울 / 해유 / 달로,https://m.comic.naver.com/webtoon/list?titleId=829418&week=wed,수요일,2025-05-12
어린이집 다니는 구나,구나,https://m.comic.naver.com/webtoon/list?titleId=817945&week=wed,수요일,2025-05-12
무직백수 계백순,지발,https://m.comic.naver.com/webtoon/list?titleId=811721&week=wed,수요일,2025-05-12
왕따가 격투기를 너무 잘함,"박만사, 김꿀빨 / 김꿀빨 / 아몬드빵",https://m.comic.naver.com/webtoon/list?titleId=806888&week=wed,수요일,2025-05-12
천마는 조용히 살고싶다,기제마 / 슬우 / 김강현,https://m.comic.naver.com/webtoon/list?titleId=834502&week=wed,수요일,2025-05-12
어느 마법사의 식당,차씨 / 스튜디오이너스 / 배드보이즈,https://m.comic.naver.com/webtoon/list?titleId=818888&week=wed,수요일,2025-05-12
명품관의 진상,소리쳐,https://m.comic.naver.com/webtoon/list?titleId=833681&week=wed,수요일,2025-05-12
흑사,안경알,https://m.comic.naver.com/webtoon/list?titleId=828170&week=wed,수요일,2025-05-12
나쁜사람,둠스,https://m.comic.naver.com/webtoon/list?titleId=750184&week=wed,수요일,2025-05-12
결혼은 당신 형과,서각 / 정다혜 / 하윤미,https://m.comic.naver.com/webtoon/list?titleId=835753&week=wed,수요일,2025-05-12
마음의소리(였던 것),조석,https://m.comic.naver.com/webtoon/list?titleId=821793&week=wed,수요일,2025-05-12
무림서부,임팩 / 정한길 / 컵라면.,https://m.comic.naver.com/webtoon/list?titleId=784417&week=wed,수요일,2025-05-12
김영하 단편선,시,https://m.comic.naver.com/webtoon/list?titleId=837463&week=wed,수요일,2025-05-12
황후를 훔친 이는 누구인가,핀쿠 / 뮬리 / Lee jihye,https://m.comic.naver.com/webtoon/list?titleId=805737&week=wed,수요일,2025-05-12
마님이네 미국 시골집 이야기,마님,https://m.comic.naver.com/webtoon/list?titleId=814048&week=wed,수요일,2025-05-12
나의 짭사랑,이일공,https://m.comic.naver.com/webtoon/list?titleId=835609&week=wed,수요일,2025-05-12
신입은 낮져밤이,다심 / 고기감자 / 블랑드,https://m.comic.naver.com/webtoon/list?titleId=814830&week=wed,수요일,2025-05-12
잠겨죽어도,쟁눠 / 성실,https://m.comic.naver.com/webtoon/list?titleId=824065&week=wed,수요일,2025-05-12
빌드업,911,https://m.comic.naver.com/webtoon/list?titleId=750826&week=wed,수요일,2025-05-12
첩자의 마교생활,대은호 / DALGON,https://m.comic.naver.com/webtoon/list?titleId=836382&week=wed,수요일,2025-05-12
강철을 먹는 플레이어,감독9 / 지점장,https://m.comic.naver.com/webtoon/list?titleId=814421&week=wed,수요일,2025-05-12
당골,남승우 / 김교,https://m.comic.naver.com/webtoon/list?titleId=838215&week=wed,수요일,2025-05-12
"시바, 만만치 않다",상금,https://m.comic.naver.com/webtoon/list?titleId=827614&week=wed,수요일,2025-05-12
천재는 평범하게 살기로 했더,비단가리비 / 아티 / 자손e,https://m.comic.naver.com/webtoon/list?titleId=835042&week=wed,수요일,2025-05-12
신수 유치원,여눅 / 밈바 / 글맛,https://m.comic.naver.com/webtoon/list?titleId=835762&week=wed,수요일,2025-05-12
건곤불이기,박만사/노경찬 / 형1978 / 임준욱,https://m.comic.naver.com/webtoon/list?titleId=829211&week=wed,수요일,2025-05-12
대장전,신형욱 / 이광수,https://m.comic.naver.com/webtoon/list?titleId=829830&week=wed,수요일,2025-05-12
조선왕조실톡,무적핑크,https://m.comic.naver.com/webtoon/list?titleId=642598&week=wed,수요일,2025-05-12
짝사랑은 결혼으로 끝나지 않는다,치커리 / 팀 라보 / 누오바,https://m.comic.naver.com/webtoon/list?titleId=819469&week=wed,수요일,2025-05-12
하렘의 남자들,히어리 / 영빈 / 알파타르트,https://m.comic.naver.com/webtoon/list?titleId=760001&week=wed,수요일,2025-05-12
귀령,가나라 / 소희 / 월하야담,https://m.comic.naver.com/webtoon/list?titleId=832095&week=wed,수요일,2025-05-12
언덕 위의 제임스,쿠당탕,https://m.comic.naver.com/webtoon/list?titleId=671421&week=wed,수요일,2025-05-12
내 분신이 거물이 되어간다,LICO / 한사 / 실험샘플,https://m.comic.naver.com/webtoon/list?titleId=832667&week=wed,수요일,2025-05-12
닥터앤닥터 병원일기,닥터베르,https://m.comic.naver.com/webtoon/list?titleId=807306&week=wed,수요일,2025-05-12
두 번 사는 프로듀서,여로운 / 왕십리글쟁이,https://m.comic.naver.com/webtoon/list?titleId=780253&week=wed,수요일,2025-05-12
남제,"윤영일, MAJOR / 윤영일",https://m.comic.naver.com/webtoon/list?titleId=834566&week=wed,수요일,2025-05-12
판타지 여동생!,유누,https://m.comic.naver.com/webtoon/list?titleId=730425&week=wed,수요일,2025-05-12
전력고백,손차양 / 냥지,https://m.comic.naver.com/webtoon/list?titleId=833248&week=wed,수요일,2025-05-12
호호와 거난이 무삭제판,호호,https://m.comic.naver.com/webtoon/list?titleId=834040&week=wed,수요일,2025-05-12
품위증명,적록 / 염밀,https://m.comic.naver.com/webtoon/list?titleId=837455&week=wed,수요일,2025-05-12
더러운 것 가운데에서,함돌 / 진서,https://m.comic.naver.com/webtoon/list?titleId=835501&week=wed,수요일,2025-05-12
연애일기,Hanna,https://m.comic.naver.com/webtoon/list?titleId=821408&week=wed,수요일,2025-05-12
두 마리를 위한 뜰,솜마르,https://m.comic.naver.com/webtoon/list?titleId=806304&week=wed,수요일,2025-05-12
그림자의 밤,융,https://m.comic.naver.com/webtoon/list?titleId=783596&week=wed,수요일,2025-05-12
뽀대작렬,상하,https://m.comic.naver.com/webtoon/list?titleId=820923&week=wed,수요일,2025-05-12
"49번 남았습니다, 스승님!",김공작 / 코양희,https://m.comic.naver.com/webtoon/list?titleId=816860&week=wed,수요일,2025-05-12
모닥불 친구들,다롱다리,https://m.comic.naver.com/webtoon/list?titleId=837439&week=wed,수요일,2025-05-12
달마건,양영순,https://m.comic.naver.com/webtoon/list?titleId=835801&week=wed,수요일,2025-05-12
발할라 사가,현가 / 트리플라인 / 취룡,https://m.comic.naver.com/webtoon/list?titleId=833365&week=wed,수요일,2025-05-12
칼부림,고일권,https://m.comic.naver.com/webtoon/list?titleId=602916&week=wed,수요일,2025-05-12
그랜드 피날레,Unreal,https://m.comic.naver.com/webtoon/list?titleId=838372&week=wed,수요일,2025-05-12
소방관,WAN.Z / 문동주,https://m.comic.naver.com/webtoon/list?titleId=833611&week=wed,수요일,2025-05-12
정점의 별,식사백수,https://m.comic.naver.com/webtoon/list?titleId=833679&week=wed,수요일,2025-05-12
영웅&마왕&악당,피빈 / 모모 / 무영자,https://m.comic.naver.com/webtoon/list?titleId=796466&week=wed,수요일,2025-05-12
급식아빠,김재한,https://m.comic.naver.com/webtoon/list?titleId=758662&week=wed,수요일,2025-05-12
연기깡패,예도,https://m.comic.naver.com/webtoon/list?titleId=836685&week=wed,수요일,2025-05-12
3인분,사즈,https://m.comic.naver.com/webtoon/list?titleId=836832&week=wed,수요일,2025-05-12
메리 배드 19세,파로메,https://m.comic.naver.com/webtoon/list?titleId=829973&week=wed,수요일,2025-05-12
말숙이를 부탁해,임규현,https://m.comic.naver.com/webtoon/list?titleId=807634&week=wed,수요일,2025-05-12
줄리에게,제야,https://m.comic.naver.com/webtoon/list?titleId=808508&week=wed,수요일,2025-05-12
좀비상조,제피가루 / 모아이,https://m.comic.naver.com/webtoon/list?titleId=827784&week=wed,수요일,2025-05-12
4년 6개월을 잃은 여자,두지,https://m.comic.naver.com/webtoon/list?titleId=834523&week=wed,수요일,2025-05-12
아이스크림 소년,은풀,https://m.comic.naver.com/webtoon/list?titleId=834349&week=wed,수요일,2025-05-12
생존버스,Red,https://m.comic.naver.com/webtoon/list?titleId=828056&week=wed,수요일,2025-05-12
고백하면 끝나는 만화,윤딘,https://m.comic.naver.com/webtoon/list?titleId=819952&week=wed,수요일,2025-05-12
레베카의 기도,주은,https://m.comic.naver.com/webtoon/list?titleId=834987&week=wed,수요일,2025-05-12
동반입대,지한 / 찹쌀떡,https://m.comic.naver.com/webtoon/list?titleId=835238&week=wed,수요일,2025-05-12
나태한 마왕은 신과 싸우기로 결심한다.,백창훈,https://m.comic.naver.com/webtoon/list?titleId=826853&week=wed,수요일,2025-05-12
망겜으로 기사회생,철무장미 / 한징,https://m.comic.naver.com/webtoon/list?titleId=833417&week=wed,수요일,2025-05-12
신입사원은 마왕,하우니 / 숩니,https://m.comic.naver.com/webtoon/list?titleId=827762&week=wed,수요일,2025-05-12
그때 그 채영민,문홍조,https://m.comic.naver.com/webtoon/list?titleId=818017&week=wed,수요일,2025-05-12
저주인형 김명자,이개 / 집손이,https://m.comic.naver.com/webtoon/list?titleId=827293&week=wed,수요일,2025-05-12
멸종위기종인간,사하라,https://m.comic.naver.com/webtoon/list?titleId=791892&week=wed,수요일,2025-05-12
별과 사슬이 뜨는 섬,어패류메기 / 훌리,https://m.comic.naver.com/webtoon/list?titleId=837100&week=wed,수요일,2025-05-12
법법궤궤,고사리박사,https://m.comic.naver.com/webtoon/list?titleId=826536&week=wed,수요일,2025-05-12
우리의 연애일지,오늘,https://m.comic.naver.com/webtoon/list?titleId=807745&week=wed,수요일,2025-05-12
데드포인트,마요락,https://m.comic.naver.com/webtoon/list?titleId=830004&week=wed,수요일,2025-05-12
아는 사람,각설이,https://m.comic.naver.com/webtoon/list?titleId=824002&week=wed,수요일,2025-05-12
나노마신,현절무 / 금강불괴 / 한중월야,https://m.comic.naver.com/webtoon/list?titleId=747271&week=thu,목요일,2025-05-12
마흔 즈음에,서쿤스,https://m.comic.naver.com/webtoon/list?titleId=836052&week=thu,목요일,2025-05-12
"송이연 50살, 이혼 한 달 차",인유유,https://m.comic.naver.com/webtoon/list?titleId=835206&week=thu,목요일,2025-05-12
재벌집 막내아들,JP / 김병관 / 산경(山景),https://m.comic.naver.com/webtoon/list?titleId=800770&week=thu,목요일,2025-05-12
무사만리행,운 / 배민기,https://m.comic.naver.com/webtoon/list?titleId=746857&week=thu,목요일,2025-05-12
쓰레기의 법칙,서연,https://m.comic.naver.com/webtoon/list?titleId=835809&week=thu,목요일,2025-05-12
할배무사와 지존 손녀,신의철 / 김명현 / 일향(一向),https://m.comic.naver.com/webtoon/list?titleId=817246&week=thu,목요일,2025-05-12
노곤하개 쇼츠,홍끼,https://m.comic.naver.com/webtoon/list?titleId=834886&week=thu,목요일,2025-05-12
내향남녀,나,https://m.comic.naver.com/webtoon/list?titleId=812629&week=thu,목요일,2025-05-12
가족같은 XX,서우현,https://m.comic.naver.com/webtoon/list?titleId=790239&week=thu,목요일,2025-05-12
"풍작이에요, 마왕님!",이현민 / 여강현 / 문백경,https://m.comic.naver.com/webtoon/list?titleId=837486&week=thu,목요일,2025-05-12
마도귀환록,사월 / MISANG / 한유림,https://m.comic.naver.com/webtoon/list?titleId=813563&week=thu,목요일,2025-05-12
게임 속 바바리안으로 살아남기,팀 더 지크 / MIDNIGHT STUDIO / 정윤강,https://m.comic.naver.com/webtoon/list?titleId=808482&week=thu,목요일,2025-05-12
구세라,승 / 한기쁨,https://m.comic.naver.com/webtoon/list?titleId=834421&week=thu,목요일,2025-05-12
작두,232 / POGO,https://m.comic.naver.com/webtoon/list?titleId=828294&week=thu,목요일,2025-05-12
정글쥬스,형은 / 쥬더,https://m.comic.naver.com/webtoon/list?titleId=762279&week=thu,목요일,2025-05-12
오빠세끼,올리브유,https://m.comic.naver.com/webtoon/list?titleId=758659&week=thu,목요일,2025-05-12
이세계 캠핑으로 힐링 라이프,일인분 / 맹깐 / 금의행,https://m.comic.naver.com/webtoon/list?titleId=823971&week=thu,목요일,2025-05-12
현실퀘스트,이주운 / 태성,https://m.comic.naver.com/webtoon/list?titleId=783888&week=thu,목요일,2025-05-12
후회조차 사치인 당신들에게,LICO / 요정용,https://m.comic.naver.com/webtoon/list?titleId=827298&week=thu,목요일,2025-05-12
당신의 살인을 위하여,세윤 / 징크,https://m.comic.naver.com/webtoon/list?titleId=836066&week=thu,목요일,2025-05-12
검은 늑대가 나를 부르면,해민 / 낑깡 / 임혜,https://m.comic.naver.com/webtoon/list?titleId=823439&week=thu,목요일,2025-05-12
나 혼자 네크로맨서,김경열 / 김동준 / 지점장,https://m.comic.naver.com/webtoon/list?titleId=780170&week=thu,목요일,2025-05-12
삼이는 재생한다,강은영,https://m.comic.naver.com/webtoon/list?titleId=822874&week=thu,목요일,2025-05-12
오만의 시대,팀 코모도 / 한솔 / 레몬개구리,https://m.comic.naver.com/webtoon/list?titleId=814538&week=thu,목요일,2025-05-12
회귀한 천재 헌터의 슬기로운 청소생활,고일고일 / 달비트,https://m.comic.naver.com/webtoon/list?titleId=796827&week=thu,목요일,2025-05-12
이게 웬 떡,박쓰담,https://m.comic.naver.com/webtoon/list?titleId=804051&week=thu,목요일,2025-05-12
별정직 공무원,"권소라, 서재원 / ch,말패",https://m.comic.naver.com/webtoon/list?titleId=826341&week=thu,목요일,2025-05-12
검은 머리 영국 의사,이유수 / 오첸 / 한산이가,https://m.comic.naver.com/webtoon/list?titleId=835435&week=thu,목요일,2025-05-12
경계선,파트 / 꿀봉이 / 피숙혜,https://m.comic.naver.com/webtoon/list?titleId=838217&week=thu,목요일,2025-05-12
종말에서 살아남기,송,https://m.comic.naver.com/webtoon/list?titleId=826321&week=thu,목요일,2025-05-12
일립예고 학생들,백본,https://m.comic.naver.com/webtoon/list?titleId=812962&week=thu,목요일,2025-05-12
첫눈에 반한 건 아니지만,아임,https://m.comic.naver.com/webtoon/list?titleId=830637&week=thu,목요일,2025-05-12
국세청 망나니,스튜디오 웨이브 / 동면거북이,https://m.comic.naver.com/webtoon/list?titleId=785727&week=thu,목요일,2025-05-12
최강전설 강해효,최병열,https://m.comic.naver.com/webtoon/list?titleId=570506&week=thu,목요일,2025-05-12
오늘의 한요일은 여자다,송극장,https://m.comic.naver.com/webtoon/list?titleId=837504&week=thu,목요일,2025-05-12
공작가의 남장 하인이 되었다,HBR / 갸우 / 메이비Y,https://m.comic.naver.com/webtoon/list?titleId=834512&week=thu,목요일,2025-05-12
껍데기,도노,https://m.comic.naver.com/webtoon/list?titleId=836950&week=thu,목요일,2025-05-12
시한부 천재 암흑기사,판테라 / 나기 / 정선율,https://m.comic.naver.com/webtoon/list?titleId=809625&week=thu,목요일,2025-05-12
불효자,정찬,https://m.comic.naver.com/webtoon/list?titleId=823663&week=thu,목요일,2025-05-12
천마님 안마하신다,이석준 / 소소 / 레빗토끼,https://m.comic.naver.com/webtoon/list?titleId=824264&week=thu,목요일,2025-05-12
백투더찬비,장사휘,https://m.comic.naver.com/webtoon/list?titleId=826322&week=thu,목요일,2025-05-12
사시미 한 자루로 아카데미를 씹어먹음,GMAN / 탕아후루,https://m.comic.naver.com/webtoon/list?titleId=829875&week=thu,목요일,2025-05-12
게임 최강 트롤러,박종석 / YATO / 군만두먹자,https://m.comic.naver.com/webtoon/list?titleId=801698&week=thu,목요일,2025-05-12
규격 외 혈통 천재,초멍 / 피콕 / 소울풍,https://m.comic.naver.com/webtoon/list?titleId=798331&week=thu,목요일,2025-05-12
쿠베라,카레곰,https://m.comic.naver.com/webtoon/list?titleId=131385&week=thu,목요일,2025-05-12
배달왕,박만사,https://m.comic.naver.com/webtoon/list?titleId=823933&week=thu,목요일,2025-05-12
소소한 기행,넛찌,https://m.comic.naver.com/webtoon/list?titleId=835194&week=thu,목요일,2025-05-12
그 악룡은 무엇을 위해 사는가,호나란 / 마누비 / 레몬개구리,https://m.comic.naver.com/webtoon/list?titleId=808910&week=thu,목요일,2025-05-12
저승사자:제령무사,웨방상,https://m.comic.naver.com/webtoon/list?titleId=827175&week=thu,목요일,2025-05-12
내가 키운 미친개에게 감금당했다,한가가 / 최화인 / 은가빛,https://m.comic.naver.com/webtoon/list?titleId=832320&week=thu,목요일,2025-05-12
소심한 호랭이 코코,키몽,https://m.comic.naver.com/webtoon/list?titleId=825415&week=thu,목요일,2025-05-12
김오진과 이상한 동물들,기선 / 필살린,https://m.comic.naver.com/webtoon/list?titleId=838262&week=thu,목요일,2025-05-12
관계중독,오얏,https://m.comic.naver.com/webtoon/list?titleId=800007&week=thu,목요일,2025-05-12
VS,"박만사, 한큰빛 / 한큰빛",https://m.comic.naver.com/webtoon/list?titleId=820786&week=thu,목요일,2025-05-12
배드 본 블러드,호박새 / D-Park / 백수귀족,https://m.comic.naver.com/webtoon/list?titleId=833388&week=thu,목요일,2025-05-12
눈에 밟힌 발걸음,사이사,https://m.comic.naver.com/webtoon/list?titleId=836648&week=thu,목요일,2025-05-12
2025 졸업작품.zip,네이버웹툰 작가,https://m.comic.naver.com/webtoon/list?titleId=836239&week=thu,목요일,2025-05-12
신의 요리,차정평 / 레블스튜디오,https://m.comic.naver.com/webtoon/list?titleId=838183&week=thu,목요일,2025-05-12
쌍둥이 영애가 남장을 하는 이유,Amamiya Ley. / MONA,https://m.comic.naver.com/webtoon/list?titleId=812164&week=thu,목요일,2025-05-12
모두가 그녀를 사랑해,스리라챠 / 지민,https://m.comic.naver.com/webtoon/list?titleId=837586&week=thu,목요일,2025-05-12
수트빨,김꿀빨 / 이세형,https://m.comic.naver.com/webtoon/list?titleId=837910&week=thu,목요일,2025-05-12
24시간 미남,모미,https://m.comic.naver.com/webtoon/list?titleId=829028&week=thu,목요일,2025-05-12
마왕까지 한 걸음,윤홍,https://m.comic.naver.com/webtoon/list?titleId=776668&week=thu,목요일,2025-05-12
흑역사가 역주행한다,이에프 / 쇼메,https://m.comic.naver.com/webtoon/list?titleId=836568&week=thu,목요일,2025-05-12
룸비니,"박만사, 약수 / 약수",https://m.comic.naver.com/webtoon/list?titleId=822105&week=thu,목요일,2025-05-12
풀 보이,커북이,https://m.comic.naver.com/webtoon/list?titleId=838513&week=thu,목요일,2025-05-12
새까만 순정일지,용현 / 태양신,https://m.comic.naver.com/webtoon/list?titleId=834506&week=thu,목요일,2025-05-12
종이호랑이,"몹시찰진우럭 / 몹시찰진우럭,영목",https://m.comic.naver.com/webtoon/list?titleId=833489&week=thu,목요일,2025-05-12
골레이로,이난 / 채키,https://m.comic.naver.com/webtoon/list?titleId=824700&week=thu,목요일,2025-05-12
어느 날 갑자기 최애가 생겼다,맛스타,https://m.comic.naver.com/webtoon/list?titleId=837424&week=thu,목요일,2025-05-12
"엔딩, 바꿔보려합니다",모카빵,https://m.comic.naver.com/webtoon/list?titleId=802378&week=thu,목요일,2025-05-12
정의구현,"이시현, MAJOR / 이시현",https://m.comic.naver.com/webtoon/list?titleId=834178&week=thu,목요일,2025-05-12
수영만화일기,해오,https://m.comic.naver.com/webtoon/list?titleId=768534&week=thu,목요일,2025-05-12
티라노 노경수,힙합신선,https://m.comic.naver.com/webtoon/list?titleId=837631&week=thu,목요일,2025-05-12
완벽한 예나,이겨울,https://m.comic.naver.com/webtoon/list?titleId=829276&week=thu,목요일,2025-05-12
검은 인어,또각,https://m.comic.naver.com/webtoon/list?titleId=822877&week=thu,목요일,2025-05-12
마리오네타,미리암 보나스트레,https://m.comic.naver.com/webtoon/list?titleId=829142&week=thu,목요일,2025-05-12
추억이 찾아오는 가게,꼬모소이,https://m.comic.naver.com/webtoon/list?titleId=827328&week=thu,목요일,2025-05-12
보이는 사랑,소어링 / 낫쪼 / 강형민,https://m.comic.naver.com/webtoon/list?titleId=827511&week=thu,목요일,2025-05-12
사랑하는 여름 하늘,소장,https://m.comic.naver.com/webtoon/list?titleId=826661&week=thu,목요일,2025-05-12
웨폰 크리에이터,조재은 / 보램,https://m.comic.naver.com/webtoon/list?titleId=814753&week=thu,목요일,2025-05-12
짐승같은 것들,김태희,https://m.comic.naver.com/webtoon/list?titleId=835925&week=thu,목요일,2025-05-12
만물의 영장,보민,https://m.comic.naver.com/webtoon/list?titleId=729964&week=thu,목요일,2025-05-12
전생혈마,장작가 / 산천,https://m.comic.naver.com/webtoon/list?titleId=837022&week=thu,목요일,2025-05-12
"전설의 헌터, 회춘하다",백영민 / BBing,https://m.comic.naver.com/webtoon/list?titleId=827083&week=thu,목요일,2025-05-12
괴물들의 장의사,타쿵이,https://m.comic.naver.com/webtoon/list?titleId=838784&week=thu,목요일,2025-05-12
진짜가 나타난 날,은그루 / 유사빙 / 과앤,https://m.comic.naver.com/webtoon/list?titleId=834971&week=thu,목요일,2025-05-12
노키즈존,멤메머신 / 오른손,https://m.comic.naver.com/webtoon/list?titleId=835046&week=thu,목요일,2025-05-12
하이클래스,"르티, 박만사 / 르티",https://m.comic.naver.com/webtoon/list?titleId=833418&week=thu,목요일,2025-05-12
수사9단0,김선권,https://m.comic.naver.com/webtoon/list?titleId=832244&week=thu,목요일,2025-05-12
엄청 소환된 건에 대하여,사이토사 / 츠구토쿠,https://m.comic.naver.com/webtoon/list?titleId=831606&week=thu,목요일,2025-05-12
히든클래스 중력자로 최강을 노린다,네코코 / 치쿠와,https://m.comic.naver.com/webtoon/list?titleId=817369&week=thu,목요일,2025-05-12
책상 낙서 티티,한짜장,https://m.comic.naver.com/webtoon/list?titleId=828911&week=thu,목요일,2025-05-12
메리지 블루스,이순기 / 오정호,https://m.comic.naver.com/webtoon/list?titleId=834255&week=thu,목요일,2025-05-12
누가 어른 되면 다 된댔어?,정오,https://m.comic.naver.com/webtoon/list?titleId=823779&week=thu,목요일,2025-05-12
랭커랑 연애가능,CHYA,https://m.comic.naver.com/webtoon/list?titleId=834555&week=thu,목요일,2025-05-12
유월의 소한,윤정민,https://m.comic.naver.com/webtoon/list?titleId=796492&week=thu,목요일,2025-05-12
어째서 모두가 나를 사랑하는 거야?!,김서린,https://m.comic.naver.com/webtoon/list?titleId=834536&week=thu,목요일,2025-05-12
내가 싫어하는 남자친구,하늘,https://m.comic.naver.com/webtoon/list?titleId=833420&week=thu,목요일,2025-05-12
지구대장님의 학교생활,기태온,https://m.comic.naver.com/webtoon/list?titleId=835532&week=thu,목요일,2025-05-12
운명해주세요,노뱀,https://m.comic.naver.com/webtoon/list?titleId=835004&week=thu,목요일,2025-05-12
미로 인 메모리,유이수,https://m.comic.naver.com/webtoon/list?titleId=833040&week=thu,목요일,2025-05-12
2차전직 스킵용사,김장훈 / 박수봉,https://m.comic.naver.com/webtoon/list?titleId=820569&week=thu,목요일,2025-05-12
크립티드,247,https://m.comic.naver.com/webtoon/list?titleId=832758&week=thu,목요일,2025-05-12
카루나,강호진,https://m.comic.naver.com/webtoon/list?titleId=754876&week=thu,목요일,2025-05-12
괴물의 바다,삼칠,https://m.comic.naver.com/webtoon/list?titleId=813802&week=thu,목요일,2025-05-12
다음 생에도 어린왕자,이렐,https://m.comic.naver.com/webtoon/list?titleId=833623&week=thu,목요일,2025-05-12
어느날 교주가 된다면,아이아리,https://m.comic.naver.com/webtoon/list?titleId=824929&week=thu,목요일,2025-05-12
내 여자친구는 이세계 용사?!,사다함,https://m.comic.naver.com/webtoon/list?titleId=827902&week=thu,목요일,2025-05-12
시프트,나는시주 / 대길 / 조예은,https://m.comic.naver.com/webtoon/list?titleId=832261&week=thu,목요일,2025-05-12
재혼 황후,히어리 / 숨풀 / 알파타르트,https://m.comic.naver.com/webtoon/list?titleId=735661&week=fri,금요일,2025-05-12
외모지상주의,박태준,https://m.comic.naver.com/webtoon/list?titleId=641253&week=fri,금요일,2025-05-12
광마회귀,JP / 이히 / 유진성,https://m.comic.naver.com/webtoon/list?titleId=776601&week=fri,금요일,2025-05-12
나 혼자 만렙 뉴비,WAN.Z / 스윙뱃 / 메슬로우,https://m.comic.naver.com/webtoon/list?titleId=773797&week=fri,금요일,2025-05-12
문제적 왕자님,선인장 / 솔체,https://m.comic.naver.com/webtoon/list?titleId=800046&week=fri,금요일,2025-05-12
"언니, 이번 생엔 내가 왕비야",Omin / 트리플라인 / 레팔진프,https://m.comic.naver.com/webtoon/list?titleId=798917&week=fri,금요일,2025-05-12
로맨스 저주,다원,https://m.comic.naver.com/webtoon/list?titleId=834035&week=fri,금요일,2025-05-12
어쩌다보니 천생연분,꿀타래 / 담초,https://m.comic.naver.com/webtoon/list?titleId=790245&week=fri,금요일,2025-05-12
천하제일 대사형,YooN / 북미혼,https://m.comic.naver.com/webtoon/list?titleId=802278&week=fri,금요일,2025-05-12
하는 사이,안녕,https://m.comic.naver.com/webtoon/list?titleId=823437&week=fri,금요일,2025-05-12
천중용문,김언 / 묵지 / 군주,https://m.comic.naver.com/webtoon/list?titleId=835116&week=fri,금요일,2025-05-12
재입대만 7번째,이진수,https://m.comic.naver.com/webtoon/list?titleId=837665&week=fri,금요일,2025-05-12
A.I. 닥터,ZAINO / 쿠큐 / 한산이가,https://m.comic.naver.com/webtoon/list?titleId=765804&week=fri,금요일,2025-05-12
사자의 서,랑또 / 키로,https://m.comic.naver.com/webtoon/list?titleId=823737&week=fri,금요일,2025-05-12
1초,시니 / 광운,https://m.comic.naver.com/webtoon/list?titleId=725586&week=fri,금요일,2025-05-12
죽지 않으려면,파래 / 임진국,https://m.comic.naver.com/webtoon/list?titleId=772764&week=fri,금요일,2025-05-12
당신이 움켜쥔 밤,캐시 / 시유애린,https://m.comic.naver.com/webtoon/list?titleId=837908&week=fri,금요일,2025-05-12
열렙전사 3부,김세훈,https://m.comic.naver.com/webtoon/list?titleId=817032&week=fri,금요일,2025-05-12
남편은 한 명으로 족하다,고선영,https://m.comic.naver.com/webtoon/list?titleId=823773&week=fri,금요일,2025-05-12
아카데미에서 살아남기,기린그린 / 코리타,https://m.comic.naver.com/webtoon/list?titleId=820097&week=fri,금요일,2025-05-12
여동생은 오늘 밤 나를 간택한다,네온비 / 도달,https://m.comic.naver.com/webtoon/list?titleId=822557&week=fri,금요일,2025-05-12
폭군님은 착하게 살고 싶어,람글 / 카콘,https://m.comic.naver.com/webtoon/list?titleId=801736&week=fri,금요일,2025-05-12
서울역 드루이드,문성호 / 활성곰 / 진설우,https://m.comic.naver.com/webtoon/list?titleId=773476&week=fri,금요일,2025-05-12
당신의 외도,나나은,https://m.comic.naver.com/webtoon/list?titleId=837140&week=fri,금요일,2025-05-12
히어로 킬러,꿀벌 / 벌꿀,https://m.comic.naver.com/webtoon/list?titleId=766563&week=fri,금요일,2025-05-12
지옥철,yamka / 김선희,https://m.comic.naver.com/webtoon/list?titleId=837609&week=fri,금요일,2025-05-12
연애의 기록,베어리,https://m.comic.naver.com/webtoon/list?titleId=803792&week=fri,금요일,2025-05-12
도무지 그애는,"게코, 시노키오 / 게코",https://m.comic.naver.com/webtoon/list?titleId=761496&week=fri,금요일,2025-05-12
봄그늘,구슬 / 도해 / 김차차,https://m.comic.naver.com/webtoon/list?titleId=828906&week=fri,금요일,2025-05-12
그거 사랑 아니야,민원백,https://m.comic.naver.com/webtoon/list?titleId=814289&week=fri,금요일,2025-05-12
아르마딜로,허5파6,https://m.comic.naver.com/webtoon/list?titleId=826422&week=fri,금요일,2025-05-12
펜홀더,이은재,https://m.comic.naver.com/webtoon/list?titleId=814587&week=fri,금요일,2025-05-12
개집사,고추참치,https://m.comic.naver.com/webtoon/list?titleId=828292&week=fri,금요일,2025-05-12
그 기사가 레이디로 사는 법,아인 / Ink. / 성혜림,https://m.comic.naver.com/webtoon/list?titleId=758675&week=fri,금요일,2025-05-12
센스제로,구리,https://m.comic.naver.com/webtoon/list?titleId=817635&week=fri,금요일,2025-05-12
저승파견고용직,호리,https://m.comic.naver.com/webtoon/list?titleId=838212&week=fri,금요일,2025-05-12
말년용사,후딩 / 신마니,https://m.comic.naver.com/webtoon/list?titleId=773916&week=fri,금요일,2025-05-12
초등생활 그림일기,은꼼지,https://m.comic.naver.com/webtoon/list?titleId=827863&week=fri,금요일,2025-05-12
예쁘세요,묘이 / 초하루,https://m.comic.naver.com/webtoon/list?titleId=835752&week=fri,금요일,2025-05-12
도깨비의 밤,문식 / 도올,https://m.comic.naver.com/webtoon/list?titleId=813641&week=fri,금요일,2025-05-12
흑요석의 신부,왕보라청푸름 / 팀 쿼츠,https://m.comic.naver.com/webtoon/list?titleId=814310&week=fri,금요일,2025-05-12
돈구멍,박성현,https://m.comic.naver.com/webtoon/list?titleId=828950&week=fri,금요일,2025-05-12
구야는 신입,구야,https://m.comic.naver.com/webtoon/list?titleId=828167&week=fri,금요일,2025-05-12
새동네,림스,https://m.comic.naver.com/webtoon/list?titleId=817752&week=fri,금요일,2025-05-12
스틸링,정서,https://m.comic.naver.com/webtoon/list?titleId=838507&week=fri,금요일,2025-05-12
그 헌터는 임대 아파트에 산다,김형사 / 진보람,https://m.comic.naver.com/webtoon/list?titleId=837903&week=fri,금요일,2025-05-12
세자와 세자빈의 계약혼인전,산삼,https://m.comic.naver.com/webtoon/list?titleId=819459&week=fri,금요일,2025-05-12
성북구 비둘기 이헌서,허새보,https://m.comic.naver.com/webtoon/list?titleId=826580&week=fri,금요일,2025-05-12
시체들의 전쟁,마요너구리,https://m.comic.naver.com/webtoon/list?titleId=836651&week=fri,금요일,2025-05-12
그냥 선생님,연일,https://m.comic.naver.com/webtoon/list?titleId=804333&week=fri,금요일,2025-05-12
옹달샘 프로젝트,요다,https://m.comic.naver.com/webtoon/list?titleId=837816&week=fri,금요일,2025-05-12
못난이 콤플렉스,권자몽 / 사요새 / 은WOO,https://m.comic.naver.com/webtoon/list?titleId=834714&week=fri,금요일,2025-05-12
야수라는 공작에게 시집왔는데,나양 / 김승혁 / 박약초,https://m.comic.naver.com/webtoon/list?titleId=817048&week=fri,금요일,2025-05-12
"꿇어보세요, 대공님!",가천가 / 콩삼 / 재겸,https://m.comic.naver.com/webtoon/list?titleId=836707&week=fri,금요일,2025-05-12
조선왕비 간택사건,강다혜 / 월우,https://m.comic.naver.com/webtoon/list?titleId=833841&week=fri,금요일,2025-05-12
킬 더 드래곤,현가 / 미스 지수 / 백수귀족,https://m.comic.naver.com/webtoon/list?titleId=794102&week=fri,금요일,2025-05-12
훈녀생정,이체리,https://m.comic.naver.com/webtoon/list?titleId=837799&week=fri,금요일,2025-05-12
파티에서 추방된 영웅이 너무 뛰어남,꿀범 / 민선 / 블루클리프,https://m.comic.naver.com/webtoon/list?titleId=827326&week=fri,금요일,2025-05-12
천재 배우의 아우라Aura,기매 / 감차 / 글술술,https://m.comic.naver.com/webtoon/list?titleId=818149&week=fri,금요일,2025-05-12
플레이어,박종석 / 오현준,https://m.comic.naver.com/webtoon/list?titleId=745876&week=fri,금요일,2025-05-12
하남자,곽백수,https://m.comic.naver.com/webtoon/list?titleId=828148&week=fri,금요일,2025-05-12
아티팩트 먹는 플레이어,벤티 / 기인,https://m.comic.naver.com/webtoon/list?titleId=836683&week=fri,금요일,2025-05-12
인서울카르텔,서종,https://m.comic.naver.com/webtoon/list?titleId=837687&week=fri,금요일,2025-05-12
만두 생활기록부,킹만두,https://m.comic.naver.com/webtoon/list?titleId=835089&week=fri,금요일,2025-05-12
남궁세가 비인격,해사,https://m.comic.naver.com/webtoon/list?titleId=827744&week=fri,금요일,2025-05-12
고구려 태왕미천,김진명 / 이동욱,https://m.comic.naver.com/webtoon/list?titleId=838875&week=fri,금요일,2025-05-12
그렇게 물거품이 되어도,다홍,https://m.comic.naver.com/webtoon/list?titleId=822239&week=fri,금요일,2025-05-12
암살청과,나락 / 군다,https://m.comic.naver.com/webtoon/list?titleId=823070&week=fri,금요일,2025-05-12
후덜덜덜 남극전자,김민혁,https://m.comic.naver.com/webtoon/list?titleId=732036&week=fri,금요일,2025-05-12
달이 없는 나라,엥비,https://m.comic.naver.com/webtoon/list?titleId=780063&week=fri,금요일,2025-05-12
뼈왕,유성연,https://m.comic.naver.com/webtoon/list?titleId=816913&week=fri,금요일,2025-05-12
북설애담,휘요,https://m.comic.naver.com/webtoon/list?titleId=827578&week=fri,금요일,2025-05-12
소곤소곤2,옛사람,https://m.comic.naver.com/webtoon/list?titleId=818401&week=fri,금요일,2025-05-12
보이스피싱인데 인생역전,왓더헬 / 장탄,https://m.comic.naver.com/webtoon/list?titleId=830144&week=fri,금요일,2025-05-12
벌집,쿼시,https://m.comic.naver.com/webtoon/list?titleId=819620&week=fri,금요일,2025-05-12
명품시대,곽경택 / 이현세,https://m.comic.naver.com/webtoon/list?titleId=830010&week=fri,금요일,2025-05-12
천재의 신들린 게임방송,LICO / OPST / 믿고보는,https://m.comic.naver.com/webtoon/list?titleId=826534&week=fri,금요일,2025-05-12
신이 내린 탑스타,권영준 / 쿠하 / 동전파스,https://m.comic.naver.com/webtoon/list?titleId=829710&week=fri,금요일,2025-05-12
3분의 1이 없어도,당과,https://m.comic.naver.com/webtoon/list?titleId=821043&week=fri,금요일,2025-05-12
절세미남 망나니 해골 되다,이루다 / 김선용,https://m.comic.naver.com/webtoon/list?titleId=828337&week=fri,금요일,2025-05-12
염마라사,정국선,https://m.comic.naver.com/webtoon/list?titleId=837468&week=fri,금요일,2025-05-12
소년경찰,삼갱 / 지앤,https://m.comic.naver.com/webtoon/list?titleId=834417&week=fri,금요일,2025-05-12
사랑하는 태양의 말로,해청,https://m.comic.naver.com/webtoon/list?titleId=827394&week=fri,금요일,2025-05-12
퇴출행성 세레나데,명명이,https://m.comic.naver.com/webtoon/list?titleId=836352&week=fri,금요일,2025-05-12
아라드의 빛: 먼저 걷는 자,제갈복자 / 펑키크리처 / 이수백,https://m.comic.naver.com/webtoon/list?titleId=827759&week=fri,금요일,2025-05-12
미드우트,원김,https://m.comic.naver.com/webtoon/list?titleId=800006&week=fri,금요일,2025-05-12
드래곤의 심장을 가지고 있습니다,시뉴라,https://m.comic.naver.com/webtoon/list?titleId=795540&week=fri,금요일,2025-05-12
몽홀,장태산,https://m.comic.naver.com/webtoon/list?titleId=644112&week=fri,금요일,2025-05-12
백년게임,하람 / 지야,https://m.comic.naver.com/webtoon/list?titleId=751999&week=fri,금요일,2025-05-12
별의 눈동자,백원달,https://m.comic.naver.com/webtoon/list?titleId=836042&week=fri,금요일,2025-05-12
사냥개의 회귀본능,아크로 / 스튜디오 W,https://m.comic.naver.com/webtoon/list?titleId=818850&week=fri,금요일,2025-05-12
기억해줘,BD / 왈치,https://m.comic.naver.com/webtoon/list?titleId=801699&week=fri,금요일,2025-05-12
회귀자는 나만 지킨다,최원준 / 주진홍 / 미도,https://m.comic.naver.com/webtoon/list?titleId=833906&week=fri,금요일,2025-05-12
들개,김판교,https://m.comic.naver.com/webtoon/list?titleId=832795&week=fri,금요일,2025-05-12
천재 곰먐미 김순자,응쿵댄,https://m.comic.naver.com/webtoon/list?titleId=833678&week=fri,금요일,2025-05-12
콜미로맨틱,최용성,https://m.comic.naver.com/webtoon/list?titleId=820171&week=fri,금요일,2025-05-12
존 웹스터 도난 사건,김본부 / 한톨,https://m.comic.naver.com/webtoon/list?titleId=836353&week=fri,금요일,2025-05-12
시든 꽃에 눈물을,개,https://m.comic.naver.com/webtoon/list?titleId=827190&week=sat,토요일,2025-05-12
자기 자?,혜룡 / 영영,https://m.comic.naver.com/webtoon/list?titleId=835030&week=sat,토요일,2025-05-12
세레나,정이나,https://m.comic.naver.com/webtoon/list?titleId=801475&week=sat,토요일,2025-05-12
마도전생기,포스스튜디오 / codezero,https://m.comic.naver.com/webtoon/list?titleId=807777&week=sat,토요일,2025-05-12
아수라,류기운 / 문정후,https://m.comic.naver.com/webtoon/list?titleId=826670&week=sat,토요일,2025-05-12
낢이 사는 이야기 - 계속되는 미미한 인생,서나래,https://m.comic.naver.com/webtoon/list?titleId=833255&week=sat,토요일,2025-05-12
쌉초의 난,쌉초,https://m.comic.naver.com/webtoon/list?titleId=823195&week=sat,토요일,2025-05-12
아홉수 우리들,수박양,https://m.comic.naver.com/webtoon/list?titleId=724815&week=sat,토요일,2025-05-12
킬러 배드로,김정현 / 임리나,https://m.comic.naver.com/webtoon/list?titleId=816798&week=sat,토요일,2025-05-12
절대군림,박시대 / 장영훈,https://m.comic.naver.com/webtoon/list?titleId=832677&week=sat,토요일,2025-05-12
장기연애,여은 / 꾼,https://m.comic.naver.com/webtoon/list?titleId=838202&week=sat,토요일,2025-05-12
99강화나무몽둥이,홍실 / 지페리,https://m.comic.naver.com/webtoon/list?titleId=792651&week=sat,토요일,2025-05-12
사랑하는 나의 억압자,LICO / 서사희,https://m.comic.naver.com/webtoon/list?titleId=822080&week=sat,토요일,2025-05-12
킬러경찰,이제환 / 이윤균,https://m.comic.naver.com/webtoon/list?titleId=808439&week=sat,토요일,2025-05-12
나를 바꿔줘,이지호 / 호띠,https://m.comic.naver.com/webtoon/list?titleId=733280&week=sat,토요일,2025-05-12
미스 펜들턴,꼬막 / 유혜민,https://m.comic.naver.com/webtoon/list?titleId=835526&week=sat,토요일,2025-05-12
망나니 소교주로 환생했다,재무 / 전마두 / 대은호,https://m.comic.naver.com/webtoon/list?titleId=773796&week=sat,토요일,2025-05-12
대충 캠퍼스로맨스임,공철진,https://m.comic.naver.com/webtoon/list?titleId=797184&week=sat,토요일,2025-05-12
홍시는 날 좋아해!,강하다 / 웃는해,https://m.comic.naver.com/webtoon/list?titleId=703839&week=sat,토요일,2025-05-12
스터디그룹,신형욱 / 유승연,https://m.comic.naver.com/webtoon/list?titleId=721948&week=sat,토요일,2025-05-12
멸망한 가문의 회귀자,양평 / 성구 / Painkiller,https://m.comic.naver.com/webtoon/list?titleId=819946&week=sat,토요일,2025-05-12
황제의 검,레드훅 / 요그소 / 임무성,https://m.comic.naver.com/webtoon/list?titleId=813443&week=sat,토요일,2025-05-12
오늘만 사는 기사,"이현민, 가나라 / 이안 / 소울풍",https://m.comic.naver.com/webtoon/list?titleId=824543&week=sat,토요일,2025-05-12
내 호수에 가둔 인어,밋츄 / 알뽀비 / 치파랑,https://m.comic.naver.com/webtoon/list?titleId=834391&week=sat,토요일,2025-05-12
신입사원 강 회장,승승이 / 선 / 산경(山景),https://m.comic.naver.com/webtoon/list?titleId=814766&week=sat,토요일,2025-05-12
우리집에 온 여우들,김현,https://m.comic.naver.com/webtoon/list?titleId=837101&week=sat,토요일,2025-05-12
비질란테 2부,CRG / 김규삼,https://m.comic.naver.com/webtoon/list?titleId=820371&week=sat,토요일,2025-05-12
나를 미워하던 남편이 기억을 잃었다,카레만두 / 액고 / 시세Sisse,https://m.comic.naver.com/webtoon/list?titleId=816614&week=sat,토요일,2025-05-12
욕망일기Deep,"박만사, 김꿀빨 / 누리마루",https://m.comic.naver.com/webtoon/list?titleId=818448&week=sat,토요일,2025-05-12
너에게로 중독,무멘 / 태양 / 안테,https://m.comic.naver.com/webtoon/list?titleId=814595&week=sat,토요일,2025-05-12
호붕빵 아저씨,정다운,https://m.comic.naver.com/webtoon/list?titleId=833361&week=sat,토요일,2025-05-12
마님이네 미국 시골집 이야기,마님,https://m.comic.naver.com/webtoon/list?titleId=814048&week=sat,토요일,2025-05-12
K학원 생존기,양아최,https://m.comic.naver.com/webtoon/list?titleId=823190&week=sat,토요일,2025-05-12
플레이어가 과거를 숨김,개차반 / 비누끼 / 베데스,https://m.comic.naver.com/webtoon/list?titleId=811707&week=sat,토요일,2025-05-12
야매 힐러로 사는 법,14획 / 나옌 / 새송이덮밥,https://m.comic.naver.com/webtoon/list?titleId=808757&week=sat,토요일,2025-05-12
윌유메리미,마인드C,https://m.comic.naver.com/webtoon/list?titleId=616239&week=sat,토요일,2025-05-12
더 캐슬 - 귀안의 신부,혜용 / 피칸 / 진소예,https://m.comic.naver.com/webtoon/list?titleId=806265&week=sat,토요일,2025-05-12
왕의 힘으로 회귀한다,재키레이 / KIM / 안소설,https://m.comic.naver.com/webtoon/list?titleId=817958&week=sat,토요일,2025-05-12
완벽한 계약,뚜솔 / 태자 / 김소희,https://m.comic.naver.com/webtoon/list?titleId=826400&week=sat,토요일,2025-05-12
눈먼 짐승의 목줄을 쥐었다,위궤양게츠비 / PPANG / 카예,https://m.comic.naver.com/webtoon/list?titleId=826588&week=sat,토요일,2025-05-12
너의 달콤한 숨을,NOVA / 플라비,https://m.comic.naver.com/webtoon/list?titleId=835176&week=sat,토요일,2025-05-12
전생연분,재아 / HAE,https://m.comic.naver.com/webtoon/list?titleId=783864&week=sat,토요일,2025-05-12
요괴괴괴,필원 / 스튜디오호호이,https://m.comic.naver.com/webtoon/list?titleId=837689&week=sat,토요일,2025-05-12
토끼 여주의 새엄마가 되었다,박카린 / 시세Sisse,https://m.comic.naver.com/webtoon/list?titleId=823776&week=sat,토요일,2025-05-12
마왕,박주연 / 손영식 / 요도 김남재,https://m.comic.naver.com/webtoon/list?titleId=827164&week=sat,토요일,2025-05-12
멸망한 세계의 취사병,웨스트 / 조돌 / 마일드커피,https://m.comic.naver.com/webtoon/list?titleId=818409&week=sat,토요일,2025-05-12
나의 구원이,이수이,https://m.comic.naver.com/webtoon/list?titleId=833415&week=sat,토요일,2025-05-12
데이워커,MUTE,https://m.comic.naver.com/webtoon/list?titleId=828880&week=sat,토요일,2025-05-12
우리 길드 아이돌,꼬보,https://m.comic.naver.com/webtoon/list?titleId=835557&week=sat,토요일,2025-05-12
연애 생각은 없지만,서울소,https://m.comic.naver.com/webtoon/list?titleId=813329&week=sat,토요일,2025-05-12
당신의 용서를 구합니다,최롯 / 문타 / 성하,https://m.comic.naver.com/webtoon/list?titleId=835063&week=sat,토요일,2025-05-12
나이트런,김성민,https://m.comic.naver.com/webtoon/list?titleId=64997&week=sat,토요일,2025-05-12
스쿨 오브 스트릿,슬랭킷,https://m.comic.naver.com/webtoon/list?titleId=822642&week=sat,토요일,2025-05-12
2025 졸업작품.zip,네이버웹툰 작가,https://m.comic.naver.com/webtoon/list?titleId=836239&week=sat,토요일,2025-05-12
비밀복식클럽,소영,https://m.comic.naver.com/webtoon/list?titleId=837336&week=sat,토요일,2025-05-12
어글리후드,미애,https://m.comic.naver.com/webtoon/list?titleId=703630&week=sat,토요일,2025-05-12
특성 쌓는 김전사,LICO / 스튜디오 이너스 / 산호초,https://m.comic.naver.com/webtoon/list?titleId=832562&week=sat,토요일,2025-05-12
조은학생,이한솔,https://m.comic.naver.com/webtoon/list?titleId=835189&week=sat,토요일,2025-05-12
집구석 절대자,"판테라,리원 / 비혠 / 아라만",https://m.comic.naver.com/webtoon/list?titleId=834351&week=sat,토요일,2025-05-12
거룩한 밤 : 더 제로,사이사 / 정한길,https://m.comic.naver.com/webtoon/list?titleId=833413&week=sat,토요일,2025-05-12
살아생전,지도,https://m.comic.naver.com/webtoon/list?titleId=832575&week=sat,토요일,2025-05-12
유령의 노래,김문경,https://m.comic.naver.com/webtoon/list?titleId=823239&week=sat,토요일,2025-05-12
회귀자의 은퇴 라이프,서희 / IN사 / 간짜장,https://m.comic.naver.com/webtoon/list?titleId=814509&week=sat,토요일,2025-05-12
사서고생!,몽실,https://m.comic.naver.com/webtoon/list?titleId=780845&week=sat,토요일,2025-05-12
악마와 함께 하는 일상,국중록 / 설반묘,https://m.comic.naver.com/webtoon/list?titleId=834177&week=sat,토요일,2025-05-12
괴물의 순결한 심장,융융멜 / 임혜,https://m.comic.naver.com/webtoon/list?titleId=818443&week=sat,토요일,2025-05-12
검에 서린 나비 : 마이데몬,최아일 / 코냥,https://m.comic.naver.com/webtoon/list?titleId=818861&week=sat,토요일,2025-05-12
동그란 그녀와 소심한 그 남자,하야마 이즈미 / 오카무라 야치요,https://m.comic.naver.com/webtoon/list?titleId=812156&week=sat,토요일,2025-05-12
명왕,"MAJOR, 금기혁 / 금기혁",https://m.comic.naver.com/webtoon/list?titleId=835022&week=sat,토요일,2025-05-12
전세계 랭킹 1위 초보자,신코 쇼토 / roko.,https://m.comic.naver.com/webtoon/list?titleId=835805&week=sat,토요일,2025-05-12
너랑 걷는 개 좋아,누리아 산귀노,https://m.comic.naver.com/webtoon/list?titleId=836908&week=sat,토요일,2025-05-12
이세계 강셰프,양평 / 이진수 / 바나바다,https://m.comic.naver.com/webtoon/list?titleId=819048&week=sat,토요일,2025-05-12
괴양이,붉은코끼리,https://m.comic.naver.com/webtoon/list?titleId=812339&week=sat,토요일,2025-05-12
용사참수인,김세래,https://m.comic.naver.com/webtoon/list?titleId=783590&week=sat,토요일,2025-05-12
나만 최강 초월자,에토 슌지 / 츠지다 켄타,https://m.comic.naver.com/webtoon/list?titleId=827423&week=sat,토요일,2025-05-12
세상에 나쁜 용사는 없다,유령두부 / 한소,https://m.comic.naver.com/webtoon/list?titleId=833358&week=sat,토요일,2025-05-12
신이 되겠다,정연호 / 강구,https://m.comic.naver.com/webtoon/list?titleId=826667&week=sat,토요일,2025-05-12
솔직하게 말해줘!,재희,https://m.comic.naver.com/webtoon/list?titleId=814832&week=sat,토요일,2025-05-12
X의 목줄을 쥐는 법,99C / 백도,https://m.comic.naver.com/webtoon/list?titleId=818811&week=sat,토요일,2025-05-12
남장판 오디션,고하다 / 윤숲,https://m.comic.naver.com/webtoon/list?titleId=830047&week=sat,토요일,2025-05-12
만수면 무강리,공현곤,https://m.comic.naver.com/webtoon/list?titleId=824927&week=sat,토요일,2025-05-12
육각,권라드,https://m.comic.naver.com/webtoon/list?titleId=826660&week=sat,토요일,2025-05-12
그냥 고양이,주홍,https://m.comic.naver.com/webtoon/list?titleId=833622&week=sat,토요일,2025-05-12
이매망량,관절,https://m.comic.naver.com/webtoon/list?titleId=819506&week=sat,토요일,2025-05-12
위험한 거짓말,도파라 / 카르마 / 아라휘,https://m.comic.naver.com/webtoon/list?titleId=822201&week=sat,토요일,2025-05-12
사운즈 라이크,소연,https://m.comic.naver.com/webtoon/list?titleId=833041&week=sat,토요일,2025-05-12
렉카 드라이버,TangoW / 오도독,https://m.comic.naver.com/webtoon/list?titleId=838786&week=sat,토요일,2025-05-12
수호소녀,엠제이,https://m.comic.naver.com/webtoon/list?titleId=822203&week=sat,토요일,2025-05-12
한판,백시우,https://m.comic.naver.com/webtoon/list?titleId=828310&week=sat,토요일,2025-05-12
데이팅 캣,모하,https://m.comic.naver.com/webtoon/list?titleId=814039&week=sat,토요일,2025-05-12
205호 고은혜,김송파,https://m.comic.naver.com/webtoon/list?titleId=824028&week=sat,토요일,2025-05-12
합법적 연재 구역,인멸윤금,https://m.comic.naver.com/webtoon/list?titleId=829122&week=sat,토요일,2025-05-12
어나더급식느와르,김진수,https://m.comic.naver.com/webtoon/list?titleId=829529&week=sat,토요일,2025-05-12
개짓,"불사 / MUTE, 서인화 / 김영한",https://m.comic.naver.com/webtoon/list?titleId=833620&week=sun,일요일,2025-05-12
문스트럭,젤리피쉬 / 영모,https://m.comic.naver.com/webtoon/list?titleId=833052&week=sun,일요일,2025-05-12
입학용병,YC / 락현,https://m.comic.naver.com/webtoon/list?titleId=758150&week=sun,일요일,2025-05-12
천화서고 대공자,128 / MIDNIGHT STUDIO / 김현영,https://m.comic.naver.com/webtoon/list?titleId=805193&week=sun,일요일,2025-05-12
죽거나 혹은 사랑에 빠지거나,허니비,https://m.comic.naver.com/webtoon/list?titleId=819696&week=sun,일요일,2025-05-12
기기괴괴2,오성대,https://m.comic.naver.com/webtoon/list?titleId=821851&week=sun,일요일,2025-05-12
별이삼샵,혀노,https://m.comic.naver.com/webtoon/list?titleId=737628&week=sun,일요일,2025-05-12
일타강사 백사부,리메 / 드로우웨이즈 / 간짜장,https://m.comic.naver.com/webtoon/list?titleId=779632&week=sun,일요일,2025-05-12
하자인간,안나래,https://m.comic.naver.com/webtoon/list?titleId=821953&week=sun,일요일,2025-05-12
소년교도소,청민 / 이수현,https://m.comic.naver.com/webtoon/list?titleId=827335&week=sun,일요일,2025-05-12
이웃집 연하,솜무 / 모지,https://m.comic.naver.com/webtoon/list?titleId=818806&week=sun,일요일,2025-05-12
판사 이한영,문성호 / 전돌돌 / 이해날,https://m.comic.naver.com/webtoon/list?titleId=759567&week=sun,일요일,2025-05-12
무직백수 계백순,지발,https://m.comic.naver.com/webtoon/list?titleId=811721&week=sun,일요일,2025-05-12
"고수, 후궁으로 깨어나다",LICO / 팀 설화 / 코양희,https://m.comic.naver.com/webtoon/list?titleId=811219&week=sun,일요일,2025-05-12
고대동물기,고제형,https://m.comic.naver.com/webtoon/list?titleId=835910&week=sun,일요일,2025-05-12
남주의 정석,이온상,https://m.comic.naver.com/webtoon/list?titleId=827323&week=sun,일요일,2025-05-12
아카데미의 천재칼잡이,시치 / 서관도,https://m.comic.naver.com/webtoon/list?titleId=813564&week=sun,일요일,2025-05-12
2회차 환관이 남성을 되찾음,LICO / 포스스튜디오 / 노빠꾸맨,https://m.comic.naver.com/webtoon/list?titleId=832566&week=sun,일요일,2025-05-12
"아임 파인 땡큐, 앤유?",벼락,https://m.comic.naver.com/webtoon/list?titleId=829495&week=sun,일요일,2025-05-12
수희0(tngmlek0),생일기분,https://m.comic.naver.com/webtoon/list?titleId=774831&week=sun,일요일,2025-05-12
불완전 신데렐라물,꿀밤 / 조림,https://m.comic.naver.com/webtoon/list?titleId=819020&week=sun,일요일,2025-05-12
여자사람친구,이상돌,https://m.comic.naver.com/webtoon/list?titleId=835693&week=sun,일요일,2025-05-12
나 혼자 특성빨로 무한 성장,지제로 / 2사랑 / 선운(鮮雲),https://m.comic.naver.com/webtoon/list?titleId=803909&week=sun,일요일,2025-05-12
내일,라마,https://m.comic.naver.com/webtoon/list?titleId=695796&week=sun,일요일,2025-05-12
천재 무림 트레이너,코울 / MIDNIGHT STUDIO / 크루크루,https://m.comic.naver.com/webtoon/list?titleId=824295&week=sun,일요일,2025-05-12
원 앤 온리,임주이 / 로즈빈,https://m.comic.naver.com/webtoon/list?titleId=838102&week=sun,일요일,2025-05-12
사부님들이 구독 중,하강호 / 김기백 / 흑야,https://m.comic.naver.com/webtoon/list?titleId=829785&week=sun,일요일,2025-05-12
축구천재로 오해받는 중입니다,이보테 / 한명현,https://m.comic.naver.com/webtoon/list?titleId=835119&week=sun,일요일,2025-05-12
분신으로 자동사냥,차씨 / 오팔 / 몽식夢食,https://m.comic.naver.com/webtoon/list?titleId=799805&week=sun,일요일,2025-05-12
냉동무사,"토이, 박만사, 서행해주십시오 / 최용준",https://m.comic.naver.com/webtoon/list?titleId=836370&week=sun,일요일,2025-05-12
러스트,제1벙커 / 얌츄 / 글라딘,https://m.comic.naver.com/webtoon/list?titleId=832984&week=sun,일요일,2025-05-12
아마도 무적불패,2Poet,https://m.comic.naver.com/webtoon/list?titleId=834396&week=sun,일요일,2025-05-12
장풍전,신영우,https://m.comic.naver.com/webtoon/list?titleId=789966&week=sun,일요일,2025-05-12
지상낙원,달꼬냑,https://m.comic.naver.com/webtoon/list?titleId=837645&week=sun,일요일,2025-05-12
사랑이 나를 부를 때,한 / 희구 / carbo(도효원),https://m.comic.naver.com/webtoon/list?titleId=837643&week=sun,일요일,2025-05-12
서바이브,태발 / 김홍태,https://m.comic.naver.com/webtoon/list?titleId=838594&week=sun,일요일,2025-05-12
아카데미에 위장취업당했다,타나 / WAG / sayren,https://m.comic.naver.com/webtoon/list?titleId=795529&week=sun,일요일,2025-05-12
재벌의 품격,아쿠아콘 / 우주영 / 서인하,https://m.comic.naver.com/webtoon/list?titleId=823025&week=sun,일요일,2025-05-12
주먹 쓰는 천재 마법사,"팀 감자스콘 / 팀 감자스콘, 김민우 / 월천",https://m.comic.naver.com/webtoon/list?titleId=836657&week=sun,일요일,2025-05-12
조만국의 현대만화,조만국,https://m.comic.naver.com/webtoon/list?titleId=838078&week=sun,일요일,2025-05-12
조선왕조실톡,무적핑크,https://m.comic.naver.com/webtoon/list?titleId=642598&week=sun,일요일,2025-05-12
배달왕,박만사,https://m.comic.naver.com/webtoon/list?titleId=823933&week=sun,일요일,2025-05-12
추락한 곳은 낙원,빵모예드 / 윤쥬 / 원더드림,https://m.comic.naver.com/webtoon/list?titleId=818219&week=sun,일요일,2025-05-12
약빨이 신선함,용궁뎅이 / 벤 / 아로,https://m.comic.naver.com/webtoon/list?titleId=800788&week=sun,일요일,2025-05-12
여우애담,이도광,https://m.comic.naver.com/webtoon/list?titleId=786082&week=sun,일요일,2025-05-12
소년법칙,"박만사, 병장, 해태 / 호인",https://m.comic.naver.com/webtoon/list?titleId=827908&week=sun,일요일,2025-05-12
본즈,이건 / 무선민,https://m.comic.naver.com/webtoon/list?titleId=833182&week=sun,일요일,2025-05-12
우아한 오브리,탄지 / 누르 / 김캐롤,https://m.comic.naver.com/webtoon/list?titleId=836632&week=sun,일요일,2025-05-12
최후의 모험가,블루랍스터 / 솔티 독 / 디다트,https://m.comic.naver.com/webtoon/list?titleId=822570&week=sun,일요일,2025-05-12
모럴리스 스캔들,둥그라미 / 여슬기 / 달슬,https://m.comic.naver.com/webtoon/list?titleId=838705&week=sun,일요일,2025-05-12
감정전이,향유,https://m.comic.naver.com/webtoon/list?titleId=832317&week=sun,일요일,2025-05-12
환생좌,"ALLA, 아스트라페 / 아스트라페",https://m.comic.naver.com/webtoon/list?titleId=819912&week=sun,일요일,2025-05-12
"그 머리 긴 선배, 이름이 뭐더라?",불관후,https://m.comic.naver.com/webtoon/list?titleId=821050&week=sun,일요일,2025-05-12
레드셔츠,펀치킥,https://m.comic.naver.com/webtoon/list?titleId=838553&week=sun,일요일,2025-05-12
경자 전성시대,김호드,https://m.comic.naver.com/webtoon/list?titleId=769658&week=sun,일요일,2025-05-12
여신님의 호랑이 공략법,아완 / 청라,https://m.comic.naver.com/webtoon/list?titleId=802682&week=sun,일요일,2025-05-12
솔플의 제왕,석신 / 은화26 / 디다트,https://m.comic.naver.com/webtoon/list?titleId=837506&week=sun,일요일,2025-05-12
연애일기,Hanna,https://m.comic.naver.com/webtoon/list?titleId=821408&week=sun,일요일,2025-05-12
마탑의 문제아들,샘미 / 영명 / 제리엠,https://m.comic.naver.com/webtoon/list?titleId=837812&week=sun,일요일,2025-05-12
검은 사슬,미세초 / J1 / 유세라,https://m.comic.naver.com/webtoon/list?titleId=828424&week=sun,일요일,2025-05-12
허리케인 공주님,랑또,https://m.comic.naver.com/webtoon/list?titleId=807550&week=sun,일요일,2025-05-12
죽음을 희망합니다,인멸윤금 / 백하나 / 유예랑,https://m.comic.naver.com/webtoon/list?titleId=809622&week=sun,일요일,2025-05-12
빙의자 베네핏이 없음,곽나나 / 설동원 / 혜녹,https://m.comic.naver.com/webtoon/list?titleId=835066&week=sun,일요일,2025-05-12
피행기,아포리아,https://m.comic.naver.com/webtoon/list?titleId=834168&week=sun,일요일,2025-05-12
날의 뒤편에서.,d몬,https://m.comic.naver.com/webtoon/list?titleId=837685&week=sun,일요일,2025-05-12
망돌의 사생,권계림,https://m.comic.naver.com/webtoon/list?titleId=819719&week=sun,일요일,2025-05-12
바바리안 영애,슬다 / 둠둠,https://m.comic.naver.com/webtoon/list?titleId=824261&week=sun,일요일,2025-05-12
공정거래위원회,권오준 / taibogi / 현우,https://m.comic.naver.com/webtoon/list?titleId=837139&week=sun,일요일,2025-05-12
재영과 재영 사이,심싹,https://m.comic.naver.com/webtoon/list?titleId=823061&week=sun,일요일,2025-05-12
어느날 갑자기 서울은,박창근,https://m.comic.naver.com/webtoon/list?titleId=776092&week=sun,일요일,2025-05-12
던전짐꾼,나진수,https://m.comic.naver.com/webtoon/list?titleId=835423&week=sun,일요일,2025-05-12
두근두근 귀연시,동우,https://m.comic.naver.com/webtoon/list?titleId=836426&week=sun,일요일,2025-05-12
오!단군,이경탁 / 노미영,https://m.comic.naver.com/webtoon/list?titleId=820602&week=sun,일요일,2025-05-12
그레이마크,박태현,https://m.comic.naver.com/webtoon/list?titleId=829462&week=sun,일요일,2025-05-12
내 최애는 막차를 탄다,직씨,https://m.comic.naver.com/webtoon/list?titleId=834896&week=sun,일요일,2025-05-12
108명의 그녀들,고송 / 레죵,https://m.comic.naver.com/webtoon/list?titleId=798303&week=sun,일요일,2025-05-12
나는 참지 못한다,성현,https://m.comic.naver.com/webtoon/list?titleId=823476&week=sun,일요일,2025-05-12
노빠꾸 최하영,우엉이,https://m.comic.naver.com/webtoon/list?titleId=803480&week=sun,일요일,2025-05-12
마피아 내니,Violet Matter / sh00,https://m.comic.naver.com/webtoon/list?titleId=826666&week=sun,일요일,2025-05-12
흉가에 들어가면 안되는 이유,벽돌,https://m.comic.naver.com/webtoon/list?titleId=834250&week=sun,일요일,2025-05-12
우리의 공백,조예빈,https://m.comic.naver.com/webtoon/list?titleId=836948&week=sun,일요일,2025-05-12
살인예정자,유령아이 / 바밤,https://m.comic.naver.com/webtoon/list?titleId=834765&week=sun,일요일,2025-05-12
방치형 용사 키우기,물고기,https://m.comic.naver.com/webtoon/list?titleId=827392&week=sun,일요일,2025-05-12
오버 더 레인보우,지강아,https://m.comic.naver.com/webtoon/list?titleId=838555&week=sun,일요일,2025-05-12
데빌샷,CTK,https://m.comic.naver.com/webtoon/list?titleId=753842&week=sun,일요일,2025-05-12
캠퍼스의 로망,이쨍쨍,https://m.comic.naver.com/webtoon/list?titleId=836253&week=sun,일요일,2025-05-12
망돌리부트,우지우,https://m.comic.naver.com/webtoon/list?titleId=816814&week=sun,일요일,2025-05-12
구해종 SOS,탐토,https://m.comic.naver.com/webtoon/list?titleId=824199&week=sun,일요일,2025-05-12
로봇소녀 노이도,잔디롤빵,https://m.comic.naver.com/webtoon/list?titleId=823026&week=sun,일요일,2025-05-12
요괴삼월,이윤희,https://m.comic.naver.com/webtoon/list?titleId=837417&week=sun,일요일,2025-05-12
헬스던전,도베도베 / 채종,https://m.comic.naver.com/webtoon/list?titleId=800101&week=sun,일요일,2025-05-12
킬링킬러,아백,https://m.comic.naver.com/webtoon/list?titleId=797155&week=sun,일요일,2025-05-12
킬디스럽!,김찹쌀,https://m.comic.naver.com/webtoon/list?titleId=828909&week=sun,일요일,2025-05-12
신의 재래,홍무제,https://m.comic.naver.com/webtoon/list?titleId=807206&week=sun,일요일,2025-05-12
밤필드의 아이들 by DARK MOON,HYBE,https://m.comic.naver.com/webtoon/list?titleId=822774&week=sun,일요일,2025-05-12
나혼자 어쩌구,한치 / 서민성,https://m.comic.naver.com/webtoon/list?titleId=832336&week=sun,일요일,2025-05-12
